Workbook

Sheet CODIGO
A1: No. | B1: Proveedor | C1: Còdigo prov | D1: Carateristica | E1: unidades tt | F1: unidades tt
A2: 1 | B2: D´MOREM | C2: 493-01 | D2: BASICO PRETINA | E2: ='493-01'!AF59 -> 1353 | F2: =SUM(E2:E2) -> 1353
A3: 2 | B3: D´MOREM | C3: 493-02 | D3: BASICO 1/2 RESORTE | E3: ='493-02'!O57 -> 252 | F3: =SUM(E3:E3) -> 252
A4: 3 | B4: D´MOREM | C4: 493-03 | D4: BASICO RESORTE | E4: ='493-03'!N57 -> 318 | F4: =SUM(E4:E4) -> 318
A5: 4 | B5: D´MOREM | C5: ELEGANCE-04 | D5: ELEGANCE PRETINA | E5: ='ELEGANCE-04'!P20 -> 88 | F5: =SUM(E5:E5) -> 88
A6: 5 | B6: D´MOREM | C6: ELEGANCE-05 | D6: ELEGANCE 1/2 RESORTE | E6: ='ELEGANCE-05'!P13 -> 78 | F6: =SUM(E6:E6) -> 78
A7: 6 | B7: D´MOREM | C7: 2025 | D7: JUVENIL 2025 | E7: ='2025'!O8 -> 67 | F7: =SUM(E7:E7) -> 67
A8: 7 | B8: MONSERRAT | C8: 7003 | D8: PUNTO DE ROMA | E8: ='7003'!I37 -> 326 | F8: =SUM(E8:E8) -> 326
A9: 8 | B9: JANET | C9: JANET | D9: PRETINA CORINTIO | E9: ='JANET Pretina 06'!K26 -> 518 | F9: =SUM(E9:E9) -> 518 | G9: =SUM(F2:F9) -> 3000
A10: 9 | B10: D´MOREM | D10: CAPRI | E10: =CAPRI!O12 -> 55 | F10: =E10 -> 55
A11: 10 | B11: JANET | D11: CAPRI | E11: =CAPRI!O14 -> 7 | F11: =E11 -> 7 | G11: =E10+E11 -> 62
A12: 11 | B12: D´MOREM | D12: MAYON | E12: =MAYON!O4 -> 28 | F12: =E12 -> 28
A13: 12 | B13: ANNY ITALY | C13: 817 | D13: MAYON | E13: =MAYON!O7 -> 99 | F13: =E13 -> 99
A14: 13 | B14: ANNY ITALY | C14: 807 | D14: MAYON | E14: =MAYON!O10 -> 48 | F14: =E14 -> 48
A15: 14 | B15: S/MARCA | D15: MAYON | E15: =MAYON!O11 -> 1 | F15: =E15 -> 1 | G15: =F12+F13+F14+F15 -> 176
E21: =SUM(E2:E20) -> 3238

Sheet 493-01
A1: Proveedor | B1: Còdigo prov | C1: Carateristica | D1: Color | E1: 28 | F1: VENDIDO | G1: STOCK | H1: 30 | I1: VENDIDO | J1: STOCK | K1: 32 | L1: VENDIDO | M1: STOCK | N1: 34 | O1: VENDIDO | P1: STOCK | Q1: 36 | R1: VENDIDO | S1: STOCK | T1: 38 | U1: VENDIDO | V1: STOCK | W1: 40 | X1: VENDIDO | Y1: STOCK | Z1: 42 | AA1: VENDIDO | AB1: STOCK | AC1: 44 | AD1: VENDIDO | AE1: STOCK | AF1: unidades tt | AG1: VENDIDOS | AH1: STOCK
A2: D´Morem | B2: 493-01 | C2: Pretina 01 | D2: Negro | E2: 1 | G2: =E2-F2 -> 1 | H2: 8 | J2: =H2-I2 -> 8 | K2: 10 | M2: =K2-L2 -> 10 | N2: 13 | P2: =N2-O2 -> 13 | Q2: 12 | S2: =Q2-R2 -> 12 | T2: 6 | V2: =T2-U2 -> 6 | W2: 3 | Y2: =W2-X2 -> 3 | Z2: 1 | AB2: =Z2-AA2 -> 1 | AC2: 0 | AE2: =AC2-AD2 -> 0 | AF2: =SUM(E2:AC2) -> 108 | AG2: =F2+I2+L2+O2+R2+U2+X2+AA2+AD2 -> 0 | AH2: =AF2-AG2 -> 108
A3: D´Morem | B3: 493-01 | C3: Pretina 01 | D3: Gris medio | E3: 5 | G3: =E3-F3 -> 5 | H3: 2 | J3: =H3-I3 -> 2 | K3: 3 | M3: =K3-L3 -> 3 | N3: 3 | P3: =N3-O3 -> 3 | Q3: 5 | S3: =Q3-R3 -> 5 | T3: 3 | V3: =T3-U3 -> 3 | W3: 1 | Y3: =W3-X3 -> 1 | Z3: 0 | AB3: =Z3-AA3 -> 0 | AC3: 0 | AE3: =AC3-AD3 -> 0 | AF3: =SUM(E3:AC3) -> 44 | AG3: =F3+I3+L3+O3+R3+U3+X3+AA3+AD3 -> 0 | AH3: =AF3-AG3 -> 44
A4: D´Morem | B4: 493-01 | C4: Pretina 01 | D4: Oxford | E4: 5 | G4: =E4-F4 -> 5 | H4: 4 | J4: =H4-I4 -> 4 | K4: 5 | M4: =K4-L4 -> 5 | N4: 6 | P4: =N4-O4 -> 6 | Q4: 3 | S4: =Q4-R4 -> 3 | T4: 2 | V4: =T4-U4 -> 2 | W4: 1 | Y4: =W4-X4 -> 1 | Z4: 2 | AB4: =Z4-AA4 -> 2 | AC4: 0 | AE4: =AC4-AD4 -> 0 | AF4: =SUM(E4:AC4) -> 56 | AG4: =F4+I4+L4+O4+R4+U4+X4+AA4+AD4 -> 0 | AH4: =AF4-AG4 -> 56
A5: D´Morem | B5: 493-01 | C5: Pretina 01 | D5: Marino | E5: 3 | G5: =E5-F5 -> 3 | H5: 12 | J5: =H5-I5 -> 12 | K5: 13 | M5: =K5-L5 -> 13 | N5: 11 | P5: =N5-O5 -> 11 | Q5: 12 | S5: =Q5-R5 -> 12 | T5: 6 | V5: =T5-U5 -> 6 | W5: 5 | Y5: =W5-X5 -> 5 | Z5: 3 | AB5: =Z5-AA5 -> 3 | AC5: 0 | AE5: =AC5-AD5 -> 0 | AF5: =SUM(E5:AC5) -> 130 | AG5: =F5+I5+L5+O5+R5+U5+X5+AA5+AD5 -> 0 | AH5: =AF5-AG5 -> 130
A6: D´Morem | B6: 493-01 | C6: Pretina 01 | D6: Petroleo | E6: 3 | G6: =E6-F6 -> 3 | H6: 0 | J6: =H6-I6 -> 0 | K6: 3 | M6: =K6-L6 -> 3 | N6: 0 | P6: =N6-O6 -> 0 | Q6: 4 | S6: =Q6-R6 -> 4 | T6: 0 | V6: =T6-U6 -> 0 | W6: 0 | Y6: =W6-X6 -> 0 | Z6: 0 | AB6: =Z6-AA6 -> 0 | AC6: 0 | AE6: =AC6-AD6 -> 0 | AF6: =SUM(E6:AC6) -> 20 | AG6: =F6+I6+L6+O6+R6+U6+X6+AA6+AD6 -> 0 | AH6: =AF6-AG6 -> 20
A7: D´Morem | B7: 493-01 | C7: Pretina 01 | D7: Turquesa | E7: 1 | G7: =E7-F7 -> 1 | H7: 0 | J7: =H7-I7 -> 0 | K7: 1 | M7: =K7-L7 -> 1 | N7: 3 | P7: =N7-O7 -> 3 | Q7: 0 | S7: =Q7-R7 -> 0 | T7: 0 | V7: =T7-U7 -> 0 | W7: 0 | Y7: =W7-X7 -> 0 | Z7: 0 | AB7: =Z7-AA7 -> 0 | AC7: 0 | AE7: =AC7-AD7 -> 0 | AF7: =SUM(E7:AC7) -> 10 | AG7: =F7+I7+L7+O7+R7+U7+X7+AA7+AD7 -> 0 | AH7: =AF7-AG7 -> 10
A8: D´Morem | B8: 493-01 | C8: Pretina 01 | D8: Rey | E8: 1 | G8: =E8-F8 -> 1 | H8: 1 | J8: =H8-I8 -> 1 | K8: 2 | M8: =K8-L8 -> 2 | N8: =1 -> 1 | O8: 1 | P8: =N8-O8 -> 0 | Q8: 4 | S8: =Q8-R8 -> 4 | T8: 2 | V8: =T8-U8 -> 2 | W8: 0 | Y8: =W8-X8 -> 0 | Z8: 0 | AB8: =Z8-AA8 -> 0 | AC8: 0 | AE8: =AC8-AD8 -> 0 | AF8: =SUM(E8:AC8) -> 22 | AG8: =F8+I8+L8+O8+R8+U8+X8+AA8+AD8 -> 1 | AH8: =AF8-AG8 -> 21
A9: D´Morem | B9: 493-01 | C9: Pretina 01 | D9: Azul Cancun | E9: 0 | G9: =E9-F9 -> 0 | H9: 0 | J9: =H9-I9 -> 0 | K9: 3 | M9: =K9-L9 -> 3 | N9: 3 | P9: =N9-O9 -> 3 | Q9: 2 | S9: =Q9-R9 -> 2 | T9: 0 | V9: =T9-U9 -> 0 | W9: 0 | Y9: =W9-X9 -> 0 | Z9: 0 | AB9: =Z9-AA9 -> 0 | AC9: 0 | AE9: =AC9-AD9 -> 0 | AF9: =SUM(E9:AC9) -> 16 | AG9: =F9+I9+L9+O9+R9+U9+X9+AA9+AD9 -> 0 | AH9: =AF9-AG9 -> 16
A10: D´Morem | B10: 493-01 | C10: Pretina 01 | D10: Mezclilla | E10: 0 | G10: =E10-F10 -> 0 | H10: 4 | J10: =H10-I10 -> 4 | K10: 0 | M10: =K10-L10 -> 0 | N10: 0 | P10: =N10-O10 -> 0 | Q10: 0 | S10: =Q10-R10 -> 0 | T10: 0 | V10: =T10-U10 -> 0 | W10: 0 | Y10: =W10-X10 -> 0 | Z10: 0 | AB10: =Z10-AA10 -> 0 | AC10: 0 | AE10: =AC10-AD10 -> 0 | AF10: =SUM(E10:AC10) -> 8 | AG10: =F10+I10+L10+O10+R10+U10+X10+AA10+AD10 -> 0 | AH10: =AF10-AG10 -> 8
A11: D´Morem | B11: 493-01 | C11: Pretina 01 | D11: Cielo | E11: 0 | G11: =E11-F11 -> 0 | H11: 3 | J11: =H11-I11 -> 3 | K11: 1 | M11: =K11-L11 -> 1 | N11: 0 | P11: =N11-O11 -> 0 | Q11: 1 | S11: =Q11-R11 -> 1 | T11: 3 | V11: =T11-U11 -> 3 | W11: 0 | Y11: =W11-X11 -> 0 | Z11: 0 | AB11: =Z11-AA11 -> 0 | AC11: 0 | AE11: =AC11-AD11 -> 0 | AF11: =SUM(E11:AC11) -> 16 | AG11: =F11+I11+L11+O11+R11+U11+X11+AA11+AD11 -> 0 | AH11: =AF11-AG11 -> 16
A12: D´Morem | B12: 493-01 | C12: Pretina 01 | D12: Militar | E12: 3 | G12: =E12-F12 -> 3 | H12: 3 | J12: =H12-I12 -> 3 | K12: 6 | M12: =K12-L12 -> 6 | N12: 0 | P12: =N12-O12 -> 0 | Q12: 4 | S12: =Q12-R12 -> 4 | T12: 1 | V12: =T12-U12 -> 1 | W12: 0 | Y12: =W12-X12 -> 0 | Z12: 2 | AB12: =Z12-AA12 -> 2 | AC12: 0 | AE12: =AC12-AD12 -> 0 | AF12: =SUM(E12:AC12) -> 38 | AG12: =F12+I12+L12+O12+R12+U12+X12+AA12+AD12 -> 0 | AH12: =AF12-AG12 -> 38
A13: D´Morem | B13: 493-01 | C13: Pretina 01 | D13: Botella | E13: 3 | G13: =E13-F13 -> 3 | H13: 1 | J13: =H13-I13 -> 1 | K13: 3 | M13: =K13-L13 -> 3 | N13: 3 | P13: =N13-O13 -> 3 | Q13: 3 | S13: =Q13-R13 -> 3 | T13: 2 | V13: =T13-U13 -> 2 | W13: 0 | Y13: =W13-X13 -> 0 | Z13: 0 | AB13: =Z13-AA13 -> 0 | AC13: 0 | AE13: =AC13-AD13 -> 0 | AF13: =SUM(E13:AC13) -> 30 | AG13: =F13+I13+L13+O13+R13+U13+X13+AA13+AD13 -> 0 | AH13: =AF13-AG13 -> 30
A14: D´Morem | B14: 493-01 | C14: Pretina 01 | D14: Bandera | E14: 1 | G14: =E14-F14 -> 1 | H14: 1 | J14: =H14-I14 -> 1 | K14: 1 | M14: =K14-L14 -> 1 | N14: 3 | P14: =N14-O14 -> 3 | Q14: 0 | S14: =Q14-R14 -> 0 | T14: 0 | V14: =T14-U14 -> 0 | W14: 0 | Y14: =W14-X14 -> 0 | Z14: 0 | AB14: =Z14-AA14 -> 0 | AC14: 0 | AE14: =AC14-AD14 -> 0 | AF14: =SUM(E14:AC14) -> 12 | AG14: =F14+I14+L14+O14+R14+U14+X14+AA14+AD14 -> 0 | AH14: =AF14-AG14 -> 12
A15: D´Morem | B15: 493-01 | C15: Pretina 01 | D15: Esmeralda | E15: 0 | G15: =E15-F15 -> 0 | H15: 0 | J15: =H15-I15 -> 0 | K15: 3 | M15: =K15-L15 -> 3 | N15: 0 | P15: =N15-O15 -> 0 | Q15: 1 | S15: =Q15-R15 -> 1 | T15: 1 | V15: =T15-U15 -> 1 | W15: 0 | Y15: =W15-X15 -> 0 | Z15: 0 | AB15: =Z15-AA15 -> 0 | AC15: 0 | AE15: =AC15-AD15 -> 0 | AF15: =SUM(E15:AC15) -> 10 | AG15: =F15+I15+L15+O15+R15+U15+X15+AA15+AD15 -> 0 | AH15: =AF15-AG15 -> 10
A16: D´Morem | B16: 493-01 | C16: Pretina 01 | D16: Kelly | E16: 2 | G16: =E16-F16 -> 2 | H16: 2 | J16: =H16-I16 -> 2 | K16: 2 | M16: =K16-L16 -> 2 | N16: 2 | P16: =N16-O16 -> 2 | Q16: 1 | S16: =Q16-R16 -> 1 | T16: 1 | V16: =T16-U16 -> 1 | W16: 0 | Y16: =W16-X16 -> 0 | Z16: 0 | AB16: =Z16-AA16 -> 0 | AC16: 0 | AE16: =AC16-AD16 -> 0 | AF16: =SUM(E16:AC16) -> 20 | AG16: =F16+I16+L16+O16+R16+U16+X16+AA16+AD16 -> 0 | AH16: =AF16-AG16 -> 20
A17: D´Morem | B17: 493-01 | C17: Pretina 01 | D17: Jade | E17: 0 | G17: =E17-F17 -> 0 | H17: 2 | J17: =H17-I17 -> 2 | K17: 3 | M17: =K17-L17 -> 3 | N17: 4 | P17: =N17-O17 -> 4 | Q17: 4 | S17: =Q17-R17 -> 4 | T17: 3 | V17: =T17-U17 -> 3 | W17: 0 | Y17: =W17-X17 -> 0 | Z17: 0 | AB17: =Z17-AA17 -> 0 | AC17: 0 | AE17: =AC17-AD17 -> 0 | AF17: =SUM(E17:AC17) -> 32 | AG17: =F17+I17+L17+O17+R17+U17+X17+AA17+AD17 -> 0 | AH17: =AF17-AG17 -> 32
A18: D´Morem | B18: 493-01 | C18: Pretina 01 | D18: Manzana | E18: 0 | G18: =E18-F18 -> 0 | H18: 0 | J18: =H18-I18 -> 0 | K18: 2 | M18: =K18-L18 -> 2 | N18: 2 | P18: =N18-O18 -> 2 | Q18: 0 | S18: =Q18-R18 -> 0 | T18: 2 | V18: =T18-U18 -> 2 | W18: 0 | Y18: =W18-X18 -> 0 | Z18: 0 | AB18: =Z18-AA18 -> 0 | AC18: 0 | AE18: =AC18-AD18 -> 0 | AF18: =SUM(E18:AC18) -> 12 | AG18: =F18+I18+L18+O18+R18+U18+X18+AA18+AD18 -> 0 | AH18: =AF18-AG18 -> 12
A19: D´Morem | B19: 493-01 | C19: Pretina 01 | D19: Limòn | E19: 0 | G19: =E19-F19 -> 0 | H19: 0 | J19: =H19-I19 -> 0 | K19: 1 | M19: =K19-L19 -> 1 | N19: 3 | P19: =N19-O19 -> 3 | Q19: 0 | S19: =Q19-R19 -> 0 | T19: 2 | V19: =T19-U19 -> 2 | W19: 0 | Y19: =W19-X19 -> 0 | Z19: 0 | AB19: =Z19-AA19 -> 0 | AC19: 0 | AE19: =AC19-AD19 -> 0 | AF19: =SUM(E19:AC19) -> 12 | AG19: =F19+I19+L19+O19+R19+U19+X19+AA19+AD19 -> 0 | AH19: =AF19-AG19 -> 12
A20: D´Morem | B20: 493-01 | C20: Pretina 01 | D20: Cemento oscuro | E20: 0 | G20: =E20-F20 -> 0 | H20: 0 | J20: =H20-I20 -> 0 | K20: 2 | M20: =K20-L20 -> 2 | N20: 3 | P20: =N20-O20 -> 3 | Q20: 4 | S20: =Q20-R20 -> 4 | T20: 0 | V20: =T20-U20 -> 0 | W20: 0 | Y20: =W20-X20 -> 0 | Z20: 0 | AB20: =Z20-AA20 -> 0 | AC20: 0 | AE20: =AC20-AD20 -> 0 | AF20: =SUM(E20:AC20) -> 18 | AG20: =F20+I20+L20+O20+R20+U20+X20+AA20+AD20 -> 0 | AH20: =AF20-AG20 -> 18
... A44: D´Morem | B44: 493-01 | C44: Pretina 01 | D44: Càfe | E44: 4 | G44: =E44-F44 -> 4 | H44: 1 | J44: =H44-I44 -> 1 | K44: 3 | M44: =K44-L44 -> 3 | N44: 5 | P44: =N44-O44 -> 5 | Q44: 3 | S44: =Q44-R44 -> 3 | T44: 3 | V44: =T44-U44 -> 3 | W44: 2 | Y44: =W44-X44 -> 2 | Z44: 3 | AB44: =Z44-AA44 -> 3 | AC44: 0 | AE44: =AC44-AD44 -> 0 | AF44: =SUM(E44:AC44) -> 48 | AG44: =F44+I44+L44+O44+R44+U44+X44+AA44+AD44 -> 0 | AH44: =AF44-AG44 -> 48
A45: D´Morem | B45: 493-01 | C45: Pretina 01 | D45: Moka | E45: 0 | G45: =E45-F45 -> 0 | H45: 1 | J45: =H45-I45 -> 1 | K45: 4 | M45: =K45-L45 -> 4 | N45: 2 | P45: =N45-O45 -> 2 | Q45: 1 | S45: =Q45-R45 -> 1 | T45: =1 -> 1 | U45: 1 | V45: =T45-U45 -> 0 | W45: 0 | Y45: =W45-X45 -> 0 | Z45: 0 | AB45: =Z45-AA45 -> 0 | AC45: 0 | AE45: =AC45-AD45 -> 0 | AF45: =SUM(E45:AC45) -> 18 | AG45: =F45+I45+L45+O45+R45+U45+X45+AA45+AD45 -> 1 | AH45: =AF45-AG45 -> 17
A46: D´Morem | B46: 493-01 | C46: Pretina 01 | D46: Topo | E46: 1 | G46: =E46-F46 -> 1 | H46: 2 | J46: =H46-I46 -> 2 | K46: 2 | M46: =K46-L46 -> 2 | N46: 5 | P46: =N46-O46 -> 5 | Q46: 2 | S46: =Q46-R46 -> 2 | T46: 2 | V46: =T46-U46 -> 2 | W46: 0 | Y46: =W46-X46 -> 0 | Z46: 0 | AB46: =Z46-AA46 -> 0 | AC46: 0 | AE46: =AC46-AD46 -> 0 | AF46: =SUM(E46:AC46) -> 28 | AG46: =F46+I46+L46+O46+R46+U46+X46+AA46+AD46 -> 0 | AH46: =AF46-AG46 -> 28
A47: D´Morem | B47: 493-01 | C47: Pretina 01 | D47: Camel | E47: 0 | G47: =E47-F47 -> 0 | H47: 2 | J47: =H47-I47 -> 2 | K47: 4 | M47: =K47-L47 -> 4 | N47: 1 | P47: =N47-O47 -> 1 | Q47: 1 | S47: =Q47-R47 -> 1 | T47: 1 | V47: =T47-U47 -> 1 | W47: 0 | Y47: =W47-X47 -> 0 | Z47: 0 | AB47: =Z47-AA47 -> 0 | AC47: 0 | AE47: =AC47-AD47 -> 0 | AF47: =SUM(E47:AC47) -> 18 | AG47: =F47+I47+L47+O47+R47+U47+X47+AA47+AD47 -> 0 | AH47: =AF47-AG47 -> 18
A48: D´Morem | B48: 493-01 | C48: Pretina 01 | D48: Capuchino | E48: 0 | G48: =E48-F48 -> 0 | H48: 0 | J48: =H48-I48 -> 0 | K48: 0 | M48: =K48-L48 -> 0 | N48: 1 | P48: =N48-O48 -> 1 | Q48: 3 | S48: =Q48-R48 -> 3 | T48: 0 | V48: =T48-U48 -> 0 | W48: 0 | Y48: =W48-X48 -> 0 | Z48: 0 | AB48: =Z48-AA48 -> 0 | AC48: 0 | AE48: =AC48-AD48 -> 0 | AF48: =SUM(E48:AC48) -> 8 | AG48: =F48+I48+L48+O48+R48+U48+X48+AA48+AD48 -> 0 | AH48: =AF48-AG48 -> 8
A49: D´Morem | B49: 493-01 | C49: Pretina 01 | D49: Beige | E49: 0 | G49: =E49-F49 -> 0 | H49: 0 | J49: =H49-I49 -> 0 | K49: 7 | M49: =K49-L49 -> 7 | N49: 1 | P49: =N49-O49 -> 1 | Q49: =6 -> 6 | S49: =Q49-R49 -> 6 | T49: 1 | U49: 1 | V49: =T49-U49 -> 0 | W49: 3 | Y49: =W49-X49 -> 3 | Z49: 4 | AB49: =Z49-AA49 -> 4 | AC49: 0 | AE49: =AC49-AD49 -> 0 | AF49: =SUM(E49:AC49) -> 44 | AG49: =F49+I49+L49+O49+R49+U49+X49+AA49+AD49 -> 1 | AH49: =AF49-AG49 -> 43
A50: D´Morem | B50: 493-01 | C50: Pretina 01 | D50: Arena | E50: 0 | G50: =E50-F50 -> 0 | H50: 0 | J50: =H50-I50 -> 0 | K50: 0 | M50: =K50-L50 -> 0 | N50: 8 | P50: =N50-O50 -> 8 | Q50: 0 | S50: =Q50-R50 -> 0 | T50: 0 | V50: =T50-U50 -> 0 | W50: 0 | Y50: =W50-X50 -> 0 | Z50: 0 | AB50: =Z50-AA50 -> 0 | AC50: 0 | AE50: =AC50-AD50 -> 0 | AF50: =SUM(E50:AC50) -> 16 | AG50: =F50+I50+L50+O50+R50+U50+X50+AA50+AD50 -> 0 | AH50: =AF50-AG50 -> 16
A51: D´Morem | B51: 493-01 | C51: Pretina 01 | D51: Arena Cancun | E51: 0 | G51: =E51-F51 -> 0 | H51: 0 | J51: =H51-I51 -> 0 | K51: 0 | M51: =K51-L51 -> 0 | N51: 3 | P51: =N51-O51 -> 3 | Q51: 3 | S51: =Q51-R51 -> 3 | T51: 0 | V51: =T51-U51 -> 0 | W51: 0 | Y51: =W51-X51 -> 0 | Z51: 0 | AB51: =Z51-AA51 -> 0 | AC51: 0 | AE51: =AC51-AD51 -> 0 | AF51: =SUM(E51:AC51) -> 12 | AG51: =F51+I51+L51+O51+R51+U51+X51+AA51+AD51 -> 0 | AH51: =AF51-AG51 -> 12
A52: D´Morem | B52: 493-01 | C52: Pretina 01 | D52: Vainilla | E52: 0 | G52: =E52-F52 -> 0 | H52: 1 | J52: =H52-I52 -> 1 | K52: 2 | M52: =K52-L52 -> 2 | N52: 0 | P52: =N52-O52 -> 0 | Q52: 2 | S52: =Q52-R52 -> 2 | T52: 1 | V52: =T52-U52 -> 1 | W52: 0 | Y52: =W52-X52 -> 0 | Z52: 0 | AB52: =Z52-AA52 -> 0 | AC52: 0 | AE52: =AC52-AD52 -> 0 | AF52: =SUM(E52:AC52) -> 12 | AG52: =F52+I52+L52+O52+R52+U52+X52+AA52+AD52 -> 0 | AH52: =AF52-AG52 -> 12
A53: D´Morem | B53: 493-01 | C53: Pretina 01 | D53: Mantequilla | E53: 0 | G53: =E53-F53 -> 0 | H53: 1 | J53: =H53-I53 -> 1 | K53: 2 | M53: =K53-L53 -> 2 | N53: 1 | P53: =N53-O53 -> 1 | Q53: 0 | S53: =Q53-R53 -> 0 | T53: 1 | V53: =T53-U53 -> 1 | W53: 0 | Y53: =W53-X53 -> 0 | Z53: 0 | AB53: =Z53-AA53 -> 0 | AC53: 0 | AE53: =AC53-AD53 -> 0 | AF53: =SUM(E53:AC53) -> 10 | AG53: =F53+I53+L53+O53+R53+U53+X53+AA53+AD53 -> 0 | AH53: =AF53-AG53 -> 10
A54: D´Morem | B54: 493-01 | C54: Pretina 01 | D54: Coral | E54: 0 | G54: =E54-F54 -> 0 | H54: 1 | J54: =H54-I54 -> 1 | K54: 0 | M54: =K54-L54 -> 0 | N54: 0 | P54: =N54-O54 -> 0 | Q54: 0 | S54: =Q54-R54 -> 0 | T54: 0 | V54: =T54-U54 -> 0 | W54: 0 | Y54: =W54-X54 -> 0 | Z54: 0 | AB54: =Z54-AA54 -> 0 | AC54: 0 | AE54: =AC54-AD54 -> 0 | AF54: =SUM(E54:AC54) -> 2 | AG54: =F54+I54+L54+O54+R54+U54+X54+AA54+AD54 -> 0 | AH54: =AF54-AG54 -> 2
A55: D´Morem | B55: 493-01 | C55: Pretina 01 | D55: Blanco | E55: 0 | G55: =E55-F55 -> 0 | H55: 5 | J55: =H55-I55 -> 5 | K55: 2 | M55: =K55-L55 -> 2 | N55: 4 | P55: =N55-O55 -> 4 | Q55: 3 | S55: =Q55-R55 -> 3 | T55: 3 | V55: =T55-U55 -> 3 | W55: 0 | Y55: =W55-X55 -> 0 | Z55: 0 | AB55: =Z55-AA55 -> 0 | AC55: 2 | AE55: =AC55-AD55 -> 2 | AF55: =SUM(E55:AC55) -> 36 | AG55: =F55+I55+L55+O55+R55+U55+X55+AA55+AD55 -> 0 | AH55: =AF55-AG55 -> 36
A56: D´Morem | B56: 493-01 | C56: Pretina 01 | D56: Pata negro | E56: 0 | G56: =E56-F56 -> 0 | H56: 2 | J56: =H56-I56 -> 2 | K56: 0 | M56: =K56-L56 -> 0 | N56: 1 | P56: =N56-O56 -> 1 | Q56: 0 | S56: =Q56-R56 -> 0 | T56: 0 | V56: =T56-U56 -> 0 | W56: 0 | Y56: =W56-X56 -> 0 | Z56: 0 | AB56: =Z56-AA56 -> 0 | AC56: 0 | AE56: =AC56-AD56 -> 0 | AF56: =SUM(E56:AC56) -> 6 | AG56: =F56+I56+L56+O56+R56+U56+X56+AA56+AD56 -> 0 | AH56: =AF56-AG56 -> 6
A57: D´Morem | B57: 493-01 | C57: Pretina 01 | D57: Pata gris | E57: 0 | G57: =E57-F57 -> 0 | H57: 1 | J57: =H57-I57 -> 1 | K57: 1 | M57: =K57-L57 -> 1 | N57: 0 | P57: =N57-O57 -> 0 | Q57: 0 | S57: =Q57-R57 -> 0 | T57: 0 | V57: =T57-U57 -> 0 | W57: 0 | Y57: =W57-X57 -> 0 | Z57: 0 | AB57: =Z57-AA57 -> 0 | AC57: 0 | AE57: =AC57-AD57 -> 0 | AF57: =SUM(E57:AC57) -> 4 | AG57: =F57+I57+L57+O57+R57+U57+X57+AA57+AD57 -> 0 | AH57: =AF57-AG57 -> 4
A58: D´Morem | B58: 493-01 | C58: Pretina 01 | D58: Pata rosa | E58: 0 | G58: =E58-F58 -> 0 | H58: 1 | J58: =H58-I58 -> 1 | K58: 0 | M58: =K58-L58 -> 0 | N58: 0 | P58: =N58-O58 -> 0 | Q58: 0 | S58: =Q58-R58 -> 0 | T58: 0 | V58: =T58-U58 -> 0 | W58: 0 | Y58: =W58-X58 -> 0 | Z58: 0 | AB58: =Z58-AA58 -> 0 | AC58: 0 | AE58: =AC58-AD58 -> 0 | AF58: =SUM(E58:AC58) -> 2 | AG58: =F58+I58+L58+O58+R58+U58+X58+AA58+AD58 -> 0 | AH58: =AF58-AG58 -> 2
E59: =SUM(E2:E58) -> 50 | F59: =SUM(F2:F58) -> 0 | G59: =SUM(G2:G58) -> 50 | H59: =SUM(H2:H58) -> 87 | I59: =SUM(I2:I58) -> 0 | J59: =SUM(J2:J58) -> 87 | K59: =SUM(K2:K58) -> 135 | L59: =SUM(L2:L58) -> 0 | ... AH59: =SUM(AH2:AH58) -> 1350

Sheet 493-02
A1: Proveedor | B1: Còdigo prov | C1: Carateristica | D1: Gama | E1: Color | F1: 28 | G1: 30 | H1: 32 | I1: 34 | J1: 36 | K1: 38 | L1: 40 | M1: 42 | N1: 44 | O1: unidades tt
A2: D´Morem | B2: 493-02 | C2: Medio resorte 02 | D2: Negro | E2: Negro | F2: 0 | G2: 0 | H2: 8 | I2: 5 | J2: 5 | K2: 9 | L2: 10 | M2: 0 | N2: 0 | O2: =SUM(F2:N2) -> 37
A3: D´Morem | B3: 493-02 | C3: Medio resorte 02 | D3: Gris | E3: Gris medio | F3: 0 | G3: 0 | H3: 2 | I3: 5 | J3: 5 | K3: 3 | L3: 3 | M3: 0 | N3: 0 | O3: =SUM(F3:N3) -> 18
A4: D´Morem | B4: 493-02 | C4: Medio resorte 02 | D4: Gris | E4: Oxford | F4: 0 | G4: 0 | H4: 1 | I4: 3 | J4: 0 | K4: 0 | L4: 4 | M4: 0 | N4: 0 | O4: =SUM(F4:N4) -> 8
A5: D´Morem | B5: 493-02 | C5: Medio resorte 02 | D5: Azul | E5: Marino | F5: 0 | G5: 0 | H5: 7 | I5: 6 | J5: 4 | K5: 7 | L5: 5 | M5: 0 | N5: 0 | O5: =SUM(F5:N5) -> 29
A6: D´Morem | B6: 493-02 | C6: Medio resorte 02 | D6: Azul | E6: Petroleo | F6: 0 | G6: 0 | H6: 1 | I6: 1 | J6: 1 | K6: 0 | L6: 2 | M6: 0 | N6: 0 | O6: =SUM(F6:N6) -> 5
A7: D´Morem | B7: 493-02 | C7: Medio resorte 02 | D7: Verde | E7: Turquesa | F7: 0 | G7: 0 | H7: 0 | I7: 0 | J7: 0 | K7: 0 | L7: 0 | M7: 0 | N7: 0 | O7: =SUM(F7:N7) -> 0
A8: D´Morem | B8: 493-02 | C8: Medio resorte 02 | D8: Azul | E8: Rey | F8: 0 | G8: 0 | H8: 0 | I8: 0 | J8: 0 | K8: 0 | L8: 0 | M8: 0 | N8: 0 | O8: =SUM(F8:N8) -> 0
A9: D´Morem | B9: 493-02 | C9: Medio resorte 02 | D9: Azul | E9: Azul Cancun | F9: 0 | G9: 0 | H9: 0 | I9: 0 | J9: 0 | K9: 0 | L9: 0 | M9: 0 | N9: 0 | O9: =SUM(F9:N9) -> 0
A10: D´Morem | B10: 493-02 | C10: Medio resorte 02 | D10: Azul | E10: Mezclilla | F10: 0 | G10: 0 | H10: 0 | I10: 0 | J10: 0 | K10: 0 | L10: 0 | M10: 0 | N10: 0 | O10: =SUM(F10:N10) -> 0
A11: D´Morem | B11: 493-02 | C11: Medio resorte 02 | D11: Azul | E11: Cielo | F11: 0 | G11: 0 | H11: 6 | I11: 4 | J11: 2 | K11: 0 | L11: 0 | M11: 0 | N11: 0 | O11: =SUM(F11:N11) -> 12
A12: D´Morem | B12: 493-02 | C12: Medio resorte 02 | D12: Verde | E12: Botella | F12: 0 | G12: 0 | H12: 0 | I12: 0 | J12: 0 | K12: 0 | L12: 0 | M12: 0 | N12: 0 | O12: =SUM(F12:N12) -> 0
A13: D´Morem | B13: 493-02 | C13: Medio resorte 02 | D13: Verde | E13: Cemento oscuro | F13: 0 | G13: 0 | H13: 1 | I13: 0 | J13: 0 | K13: 0 | L13: 0 | M13: 0 | N13: 0 | O13: =SUM(F13:N13) -> 1
... A56: D´Morem | B56: 493-02 | C56: Medio resorte 02 | D56: P. de Gallo | E56: Pata rosa | F56: 0 | G56: 0 | H56: 0 | I56: 0 | J56: 0 | K56: 0 | L56: 0 | M56: 0 | N56: 0 | O56: =SUM(F56:N56) -> 0
F57: =SUM(F2:F56) -> 0 | G57: =SUM(G2:G56) -> 0 | H57: =SUM(H2:H56) -> 47 | I57: =SUM(I2:I56) -> 61 | J57: =SUM(J2:J56) -> 46 | K57: =SUM(K2:K56) -> 40 | L57: =SUM(L2:L56) -> 52 | M57: =SUM(M2:M56) -> 3 | ... O57: =SUM(O2:O56) -> 252

Sheet 493-03
A1: Proveedor | B1: Còdigo prov | C1: Carateristica | D1: Color | E1: 28 | F1: 30 | G1: 32 | H1: 34 | I1: 36 | J1: 38 | K1: 40 | L1: 42 | M1: 44 | N1: unidades tt
A2: D´Morem | B2: 493-03 | C2: Resorte 03 | D2: Negro | E2: 0 | F2: 0 | G2: 9 | H2: 10 | I2: 5 | J2: 4 | K2: 5 | L2: 0 | M2: 0 | N2: =SUM(E2:M2) -> 33
A3: D´Morem | B3: 493-03 | C3: Resorte 03 | D3: Gris medio | E3: 0 | F3: 0 | G3: 9 | H3: 1 | I3: 4 | J3: 7 | K3: 0 | L3: 0 | M3: 0 | N3: =SUM(E3:M3) -> 21
A4: D´Morem | B4: 493-03 | C4: Resorte 03 | D4: Oxford | E4: 0 | F4: 0 | G4: 4 | H4: 0 | I4: 3 | J4: 4 | K4: 3 | L4: 0 | M4: 0 | N4: =SUM(E4:M4) -> 14
A5: D´Morem | B5: 493-03 | C5: Resorte 03 | D5: Marino | E5: 0 | F5: 0 | G5: 4 | H5: 1 | I5: 2 | J5: 4 | K5: 2 | L5: 1 | M5: 4 | N5: =SUM(E5:M5) -> 18
A6: D´Morem | B6: 493-03 | C6: Resorte 03 | D6: Petroleo | E6: 0 | F6: 0 | G6: 1 | H6: 0 | I6: 0 | J6: 0 | K6: 0 | L6: 0 | M6: 0 | N6: =SUM(E6:M6) -> 1
A7: D´Morem | B7: 493-03 | C7: Resorte 03 | D7: Turquesa | E7: 0 | F7: 0 | G7: 0 | H7: 0 | I7: 0 | J7: 0 | K7: 0 | L7: 0 | M7: 0 | N7: =SUM(E7:M7) -> 0
A8: D´Morem | B8: 493-03 | C8: Resorte 03 | D8: Rey | E8: 0 | F8: 0 | G8: 0 | H8: 0 | I8: 0 | J8: 0 | K8: 0 | L8: 0 | M8: 0 | N8: =SUM(E8:M8) -> 0
A9: D´Morem | B9: 493-03 | C9: Resorte 03 | D9: Azul Cancun | E9: 0 | F9: 0 | G9: 0 | H9: 0 | I9: 0 | J9: 0 | K9: 0 | L9: 0 | M9: 0 | N9: =SUM(E9:M9) -> 0
A10: D´Morem | B10: 493-03 | C10: Resorte 03 | D10: Mezclilla | E10: 0 | F10: 0 | G10: 0 | H10: 0 | I10: 0 | J10: 0 | K10: 0 | L10: 0 | M10: 0 | N10: =SUM(E10:M10) -> 0
A11: D´Morem | B11: 493-03 | C11: Resorte 03 | D11: Cielo | E11: 0 | F11: 0 | G11: 7 | H11: 4 | I11: 2 | J11: 1 | K11: 1 | L11: 6 | M11: 5 | N11: =SUM(E11:M11) -> 26
A12: D´Morem | B12: 493-03 | C12: Resorte 03 | D12: Botella | E12: 0 | F12: 0 | G12: 0 | H12: 0 | I12: 0 | J12: 0 | K12: 0 | L12: 0 | M12: 0 | N12: =SUM(E12:M12) -> 0
A13: D´Morem | B13: 493-03 | C13: Resorte 03 | D13: Cemento oscuro | E13: 0 | F13: 0 | G13: 0 | H13: 0 | I13: 0 | J13: 0 | K13: 0 | L13: 0 | M13: 0 | N13: =SUM(E13:M13) -> 0
... A56: D´Morem | B56: 493-03 | C56: Resorte 03 | D56: Pata rosa | E56: 0 | F56: 0 | G56: 0 | H56: 0 | I56: 0 | J56: 0 | K56: 0 | L56: 0 | M56: 0 | N56: =SUM(E56:M56) -> 0
E57: =SUM(E2:E56) -> 0 | F57: =SUM(F2:F56) -> 1 | G57: =SUM(G2:G56) -> 78 | H57: =SUM(H2:H56) -> 51 | I57: =SUM(I2:I56) -> 49 | J57: =SUM(J2:J56) -> 66 | K57: =SUM(K2:K56) -> 30 | L57: =SUM(L2:L56) -> 21 | ... N57: =SUM(N2:N56) -> 318

Sheet ELEGANCE-04
A1: Proveedor | B1: Còdigo prov | C1: Carateristica | D1: Carateristica | E1: Gama | F1: Color | G1: 28 | H1: 30 | I1: 32 | J1: 34 | K1: 36 | L1: 38 | M1: 40 | N1: 42 | O1: 44 | P1: unidades tt
A2: D´Morem elegance | B2: ELEGANCE | C2: Pretina 04 | D2: Rombo | E2: Gris | F2: Gris medio | G2: 0 | H2: 0 | I2: 2 | J2: 2 | K2: 2 | L2: 2 | M2: 0 | N2: 0 | O2: 0 | P2: =SUM(G2:O2) -> 8
A3: D´Morem elegance | B3: ELEGANCE | C3: Pretina 04 | D3: Rombo | E3: Rojo | F3: Vino | G3: 0 | H3: 0 | I3: 2 | J3: 1 | K3: 1 | L3: 1 | M3: 0 | N3: 0 | O3: 0 | P3: =SUM(G3:O3) -> 5
A4: D´Morem elegance | B4: ELEGANCE | C4: Pretina 04 | D4: Rombo | E4: Cafe | F4: Cafe | G4: 0 | H4: 0 | I4: 1 | J4: 2 | K4: 1 | L4: 2 | M4: 0 | N4: 0 | O4: 0 | P4: =SUM(G4:O4) -> 6
A5: D´Morem elegance | B5: ELEGANCE | C5: Pretina 04 | D5: Rombo | E5: Cafe | F5: Arena | G5: 0 | H5: 0 | I5: 2 | J5: 1 | K5: 1 | L5: 2 | M5: 0 | N5: 0 | O5: 0 | P5: =SUM(G5:O5) -> 6
A6: D´Morem elegance | B6: ELEGANCE | C6: Pretina 04 | D6: Pata | E6: Negro | F6: Negro | G6: 0 | H6: 0 | I6: 1 | J6: 0 | K6: 0 | L6: 0 | M6: 0 | N6: 0 | O6: 0 | P6: =SUM(G6:O6) -> 1
A7: D´Morem elegance | B7: ELEGANCE | C7: Pretina 04 | D7: Pata | E7: Azul | F7: Marino | G7: 0 | H7: 0 | I7: 1 | J7: 0 | K7: 0 | L7: 0 | M7: 0 | N7: 0 | O7: 0 | P7: =SUM(G7:O7) -> 1
A8: D´Morem elegance | B8: ELEGANCE | C8: Pretina 04 | D8: Espiga | E8: Negro | F8: Negro | G8: 0 | H8: 0 | I8: 0 | J8: 1 | K8: 0 | L8: 7 | M8: 14 | N8: 0 | O8: 0 | P8: =SUM(G8:O8) -> 22
A9: D´Morem elegance | B9: ELEGANCE | C9: Pretina 04 | D9: Espiga | E9: Azul | F9: Marino | G9: 0 | H9: 0 | I9: 0 | J9: 0 | K9: 0 | L9: 7 | M9: 2 | N9: 0 | O9: 0 | P9: =SUM(G9:O9) -> 9
A10: D´Morem elegance | B10: ELEGANCE | C10: Pretina 04 | D10: Espiga | E10: Rosa | F10: Rosa | G10: 0 | H10: 0 | I10: 0 | J10: 1 | K10: 0 | L10: 6 | M10: 4 | N10: 0 | O10: 0 | P10: =SUM(G10:O10) -> 11
A11: D´Morem elegance | B11: ELEGANCE | C11: Pretina 04 | D11: Espiga | E11: Cafè | F11: Camello | G11: 0 | H11: 0 | I11: 1 | J11: 0 | K11: 3 | L11: 0 | M11: 0 | N11: 0 | O11: 0 | P11: =SUM(G11:O11) -> 4
A12: D´Morem elegance | B12: ELEGANCE | C12: Pretina 04 | D12: Espiga | E12: Cafè | F12: Cafe | G12: 0 | H12: 0 | I12: 0 | J12: 0 | K12: 1 | L12: 0 | M12: 0 | N12: 0 | O12: 0 | P12: =SUM(G12:O12) -> 1
A13: D´Morem elegance | B13: ELEGANCE | C13: Pretina 04 | D13: Jaspeado | E13: Negro | F13: Negro | G13: 0 | H13: 0 | I13: 1 | J13: 0 | K13: 0 | L13: 0 | M13: 0 | N13: 0 | O13: 0 | P13: =SUM(G13:O13) -> 1
... A19: D´Morem elegance | B19: ELEGANCE | C19: Pretina 04 | D19: Gotita | E19: Azul | F19: Marino | G19: 0 | H19: 0 | I19: 0 | J19: 0 | K19: 0 | L19: 1 | M19: 0 | N19: 0 | O19: 0 | P19: =SUM(G19:O19) -> 1
G20: =SUM(G2:G19) -> 0 | H20: =SUM(H2:H19) -> 0 | I20: =SUM(I2:I19) -> 16 | J20: =SUM(J2:J19) -> 8 | K20: =SUM(K2:K19) -> 11 | L20: =SUM(L2:L19) -> 33 | M20: =SUM(M2:M19) -> 20 | N20: =SUM(N2:N19) -> 0 | ... P20: =SUM(P2:P19) -> 88
F22: ROMBO | G22: =P4+P2+P5+P3 -> 25
F23: PATA | G23: =P6+P7 -> 2
F24: ESPIGA | G24: =P8+P9+P10+P11+P12 -> 47
F25: JASPEADO | G25: =P13+P14+P15+P16 -> 11
F26: GOTITA | G26: =P17+P18+P19 -> 3
F27: Total | G27: =G22+G23+G24+G25+G26 -> 88

Sheet ELEGANCE-05
A1: Proveedor | B1: Còdigo prov | C1: Carateristica | D1: Carateristica | E1: Gama | F1: Color | G1: 28 | H1: 30 | I1: 32 | J1: 34 | K1: 36 | L1: 38 | M1: 40 | N1: 42 | O1: 44 | P1: unidades tt | Q1: ventas
A2: D´Morem elegance | B2: ELEGANCE | C2: Medio resorte 05 | D2: Rombo | E2: Negro | F2: Negro | G2: 0 | H2: 0 | I2: 0 | J2: 0 | K2: 0 | L2: 2 | M2: 4 | N2: 0 | O2: 0 | P2: =SUM(G2:O2) -> 6 | Q2: =P2 -> 6
A3: D´Morem elegance | B3: ELEGANCE | C3: Medio resorte 05 | D3: Rombo | E3: Rosa | F3: Fresa | G3: 0 | H3: 0 | I3: 0 | J3: 1 | K3: 0 | L3: 1 | M3: 3 | N3: 0 | O3: 0 | P3: =SUM(G3:O3) -> 5 | Q3: =P3 -> 5
A4: D´Morem elegance | B4: ELEGANCE | C4: Medio resorte 05 | D4: Rombo | E4: Cafe | F4: Mantequilla | G4: 0 | H4: 0 | I4: 0 | J4: 4 | K4: 3 | L4: 4 | M4: 4 | N4: 0 | O4: 0 | P4: =SUM(G4:O4) -> 15 | Q4: =P4 -> 15
A5: D´Morem elegance | B5: ELEGANCE | C5: Medio resorte 05 | D5: Rombo | E5: Cafe | F5: Camel | G5: 0 | H5: 0 | I5: 0 | J5: 2 | K5: 2 | L5: 3 | M5: 1 | N5: 0 | O5: 0 | P5: =SUM(G5:O5) -> 8 | Q5: =P5 -> 8
A6: D´Morem elegance | B6: ELEGANCE | C6: Medio resorte 05 | D6: Pata | E6: Gris | F6: Gris | G6: 0 | H6: 0 | I6: 0 | J6: 0 | K6: 0 | L6: 1 | M6: 1 | N6: 0 | O6: 0 | P6: =SUM(G6:O6) -> 2 | Q6: =P6 -> 2
A7: D´Morem elegance | B7: ELEGANCE | C7: Medio resorte 05 | D7: Pata | E7: Rosa | F7: Fresa | G7: 0 | H7: 0 | I7: 0 | J7: 0 | K7: 0 | L7: 3 | M7: 1 | N7: 0 | O7: 0 | P7: =SUM(G7:O7) -> 4 | Q7: =P7 -> 4
A8: D´Morem elegance | B8: ELEGANCE | C8: Medio resorte 05 | D8: Pata | E8: Cafe | F8: Camel | G8: 0 | H8: 0 | I8: 0 | J8: 1 | K8: 2 | L8: 3 | M8: 2 | N8: 0 | O8: 0 | P8: =SUM(G8:O8) -> 8 | Q8: =P8 -> 8
A9: D´Morem elegance | B9: ELEGANCE | C9: Medio resorte 05 | D9: Pata | E9: Cafe | F9: Arena | G9: 0 | H9: 0 | I9: 0 | J9: 1 | K9: 3 | L9: 4 | M9: 2 | N9: 0 | O9: 0 | P9: =SUM(G9:O9) -> 10 | Q9: =P9 -> 10
A10: D´Morem elegance | B10: ELEGANCE | C10: Medio resorte 05 | D10: Pata | E10: Cafe | F10: Mantequilla | G10: 0 | H10: 0 | I10: 0 | J10: 1 | K10: 0 | L10: 0 | M10: 0 | N10: 0 | O10: 0 | P10: =SUM(G10:O10) -> 1 | Q10: =P10 -> 1
A11: D´Morem elegance | B11: ELEGANCE | C11: Medio resorte 05 | D11: Liso | E11: Gris | F11: Gris medio | G11: 0 | H11: 0 | I11: 0 | J11: 3 | K11: 4 | L11: 3 | M11: 4 | N11: 0 | O11: 0 | P11: =SUM(G11:O11) -> 14 | Q11: =P11 -> 14
A12: D´Morem elegance | B12: ELEGANCE | C12: Medio resorte 05 | D12: Mariachi* | E12: Rojo | F12: Vino | G12: 0 | H12: 1 | I12: 0 | J12: 0 | K12: 0 | L12: 0 | M12: 2 | N12: 1 | O12: 1 | P12: =SUM(G12:O12) -> 5 | Q12: =P12 -> 5
G13: =SUM(G2:G12) -> 0 | H13: =SUM(H2:H12) -> 1 | I13: =SUM(I2:I12) -> 0 | J13: =SUM(J2:J12) -> 13 | K13: =SUM(K2:K12) -> 14 | L13: =SUM(L2:L12) -> 24 | M13: =SUM(M2:M12) -> 24 | N13: =SUM(N2:N12) -> 1 | ... Q13: =SUM(Q2:Q12) -> 78
A15: Mariachi* | B15: Tiro corto | F15: ROMBO | G15: =P2+P3+P4+P5 -> 34
F16: PATA | G16: =P6+P7+P8+P9+P10 -> 25
F17: LISO | G17: =Q11 -> 14
F18: MRIACHI | G18: =Q12 -> 5
F19: Total | G19: =G15+G16+G17+G18 -> 78

Sheet 2025
A1: Proveedor | B1: Còdigo prov | C1: Carateristica | D1: Gama | E1: Color | F1: 28 | G1: 30 | H1: 32 | I1: 34 | J1: 36 | K1: 38 | L1: 40 | M1: 42 | N1: 44 | O1: unidades tt
A2: D´Morem | B2: 2025 | C2: JUVENIL | D2: Negro | E2: Negro | F2: 4 | G2: 3 | H2: 3 | I2: 1 | J2: 0 | K2: 0 | L2: 0 | M2: 0 | N2: 0 | O2: =SUM(F2:N2) -> 11
A3: D´Morem | B3: 2025 | C3: JUVENIL | D3: Gris | E3: Oxford | F3: 3 | G3: 3 | H3: 4 | I3: 4 | J3: 3 | K3: 0 | L3: 0 | M3: 0 | N3: 0 | O3: =SUM(F3:N3) -> 17
A4: D´Morem | B4: 2025 | C4: JUVENIL | D4: Gris | E4: Gris medio | F4: 3 | G4: 3 | H4: 3 | I4: 4 | J4: 1 | K4: 0 | L4: 0 | M4: 0 | N4: 0 | O4: =SUM(F4:N4) -> 14
A5: D´Morem | B5: 2025 | C5: JUVENIL | D5: Azul | E5: Beige | F5: 3 | G5: 4 | H5: 2 | I5: 1 | J5: 0 | K5: 0 | L5: 1 | M5: 0 | N5: 0 | O5: =SUM(F5:N5) -> 11
A6: D´Morem | B6: 2025 | C6: JUVENIL | D6: Azul | E6: Marino | F6: 1 | G6: 3 | H6: 4 | I6: 3 | J6: 1 | K6: 0 | L6: 1 | M6: 0 | N6: 0 | O6: =SUM(F6:N6) -> 13
A7: D´Morem | B7: 2025 | C7: JUVENIL | D7: Verde | E7: VINO | F7: 0 | G7: 0 | H7: 0 | I7: 0 | J7: 0 | K7: 1 | L7: 0 | M7: 0 | N7: 0 | O7: =SUM(F7:N7) -> 1
F8: =F2+F3+F4+F5+F6+F7 -> 14 | G8: =G2+G3+G4+G5+G6+G7 -> 16 | H8: =H2+H3+H4+H5+H6+H7 -> 16 | I8: =I2+I3+I4+I5+I6+I7 -> 13 | J8: =J2+J3+J4+J5+J6+J7 -> 5 | K8: =K2+K3+K4+K5+K6+K7 -> 1 | L8: =L2+L3+L4+L5+L6+L7 -> 2 | M8: =M2+M3+M4+M5+M6+M7 -> 0 | ... O8: =O2+O3+O4+O5+O6+O7 -> 67

Sheet 7003
A1: Proveedor | B1: Còdigo prov | C1: Carateristica | D1: Color | E1: CH | F1: M | G1: G | H1: XL | I1: unidades tt
A2: Monserrat | B2: 7003 | C2: PUNTO DE ROMA | D2: Negro | E2: 11 | F2: 7 | G2: 3 | H2: 2 | I2: =SUM(E2:H2) -> 23
A3: Monserrat | B3: 7003 | C3: PUNTO DE ROMA | D3: Gris perla | E3: 3 | F3: 3 | G3: 1 | H3: 0 | I3: =SUM(E3:H3) -> 7
A4: Monserrat | B4: 7003 | C4: PUNTO DE ROMA | D4: Oxford | E4: 3 | F4: 3 | G4: 2 | H4: 2 | I4: =SUM(E4:H4) -> 10
A5: Monserrat | B5: 7003 | C5: PUNTO DE ROMA | D5: Marino | E5: 9 | F5: 6 | G5: 3 | H5: 2 | I5: =SUM(E5:H5) -> 20
A6: Monserrat | B6: 7003 | C6: PUNTO DE ROMA | D6: Petroleo | E6: 5 | F6: 3 | G6: 2 | H6: 1 | I6: =SUM(E6:H6) -> 11
A7: Monserrat | B7: 7003 | C7: PUNTO DE ROMA | D7: Plomo | E7: 0 | F7: 0 | G7: 1 | H7: 0 | I7: =SUM(E7:H7) -> 1
A8: Monserrat | B8: 7003 | C8: PUNTO DE ROMA | D8: Rey | E8: 1 | F8: 2 | G8: 2 | H8: 1 | I8: =SUM(E8:H8) -> 6
A9: Monserrat | B9: 7003 | C9: PUNTO DE ROMA | D9: Pizarra | E9: 3 | F9: 3 | G9: 2 | H9: 1 | I9: =SUM(E9:H9) -> 9
A10: Monserrat | B10: 7003 | C10: PUNTO DE ROMA | D10: Gris rata | E10: 12 | F10: 5 | G10: 1 | H10: 1 | I10: =SUM(E10:H10) -> 19
A11: Monserrat | B11: 7003 | C11: PUNTO DE ROMA | D11: Botella | E11: 5 | F11: 7 | G11: 0 | H11: 0 | I11: =SUM(E11:H11) -> 12
A12: Monserrat | B12: 7003 | C12: PUNTO DE ROMA | D12: Cemento | E12: 4 | F12: 3 | G12: 3 | H12: 0 | I12: =SUM(E12:H12) -> 10
A13: Monserrat | B13: 7003 | C13: PUNTO DE ROMA | D13: Militar | E13: 5 | F13: 0 | G13: 0 | H13: 0 | I13: =SUM(E13:H13) -> 5
... A36: Monserrat | B36: 7003 | C36: PUNTO DE ROMA | D36: Oveja Jaspe | E36: 5 | F36: 4 | G36: 2 | H36: 1 | I36: =SUM(E36:H36) -> 12
E37: =SUM(E2:E36) -> 138 | F37: =SUM(F2:F36) -> 109 | G37: =SUM(G2:G36) -> 57 | H37: =SUM(H2:H36) -> 22 | I37: =SUM(I2:I36) -> 326

Sheet JANET Pretina 06
A1: Proveedor | B1: Còdigo prov | C1: Carateristica | D1: Color | E1: CH | F1: M | G1: G | H1: 42 | I1: 44 | J1: 46 | K1: unidades tt
A2: Janneth | B2: PANTALON | C2: RESORTE CORINTIO | D2: Negro | E2: 23 | F2: 14 | G2: 15 | H2: 11 | I2: 5 | J2: 9 | K2: =SUM(E2:J2) -> 77
A3: Janneth | B3: PANTALON | C3: RESORTE | D3: Gris perla | E3: 9 | F3: 6 | G3: 7 | H3: 4 | I3: 5 | J3: 4 | K3: =SUM(E3:J3) -> 35
A4: Janneth | B4: PANTALON | C4: RESORTE | D4: Oxford | E4: 5 | F4: 4 | G4: 4 | H4: 6 | I4: 3 | J4: 3 | K4: =SUM(E4:J4) -> 25
A5: Janneth | B5: PANTALON | C5: RESORTE | D5: Marino | E5: 15 | F5: 14 | G5: 10 | H5: 13 | I5: 7 | J5: 3 | K5: =SUM(E5:J5) -> 62
A6: Janneth | B6: PANTALON | C6: RESORTE | D6: Petroleo | E6: 13 | F6: 5 | G6: 6 | H6: 12 | I6: 0 | J6: 0 | K6: =SUM(E6:J6) -> 36
A7: Janneth | B7: PANTALON | C7: RESORTE | D7: Rey | E7: 6 | F7: 2 | G7: 0 | H7: 1 | I7: 2 | J7: 0 | K7: =SUM(E7:J7) -> 11
A8: Janneth | B8: PANTALON | C8: RESORTE | D8: Plumbago | E8: 4 | F8: 9 | G8: 5 | H8: 0 | I8: 4 | J8: 1 | K8: =SUM(E8:J8) -> 23
A9: Janneth | B9: PANTALON | C9: RESORTE | D9: Cielo | E9: 1 | F9: 0 | G9: 0 | H9: 0 | I9: 0 | J9: 0 | K9: =SUM(E9:J9) -> 1
A10: Janneth | B10: PANTALON | C10: RESORTE | D10: Botella | E10: 11 | F10: 2 | G10: 3 | H10: 2 | I10: 0 | J10: 0 | K10: =SUM(E10:J10) -> 18
A11: Janneth | B11: PANTALON | C11: RESORTE | D11: Olivo | E11: 5 | F11: 4 | G11: 4 | H11: 3 | I11: 0 | J11: 0 | K11: =SUM(E11:J11) -> 16
A12: Janneth | B12: PANTALON | C12: RESORTE | D12: Jade | E12: 0 | F12: 0 | G12: 0 | H12: 2 | I12: 0 | J12: 0 | K12: =SUM(E12:J12) -> 2
A13: Janneth | B13: PANTALON | C13: RESORTE | D13: uva | E13: 1 | F13: 4 | G13: 2 | H13: 0 | I13: 0 | J13: 0 | K13: =SUM(E13:J13) -> 7
... A25: Janneth | B25: PANTALON | C25: RESORTE | D25: Blanco | E25: 6 | F25: 4 | G25: 2 | H25: 6 | I25: 0 | J25: 0 | K25: =SUM(E25:J25) -> 18
E26: =SUM(E2:E25) -> 179 | F26: =SUM(F2:F25) -> 102 | G26: =SUM(G2:G25) -> 93 | H26: =SUM(H2:H25) -> 94 | I26: =SUM(I2:I25) -> 30 | J26: =SUM(J2:J25) -> 20 | K26: =SUM(K2:K25) -> 518

Sheet CAPRI
A1: Proveedor | B1: Còdigo prov | C1: Carateristica | D1: Color | E1: 28 | F1: 30 | G1: 32 | H1: 34 | I1: 36 | J1: 38 | K1: 40 | L1: 42 | M1: 44 | N1: unidades tt
A2: D´MOREM | C2: CAPRI | D2: NEGRO | E2: 0 | F2: 0 | G2: 1 | H2: 3 | I2: 1 | J2: 6 | K2: 1 | L2: 4 | M2: 3 | N2: =SUM(E2:M2) -> 19
C3: CAPRI | D3: GRIS | E3: 0 | F3: 0 | G3: 0 | H3: 4 | I3: 0 | J3: 0 | K3: 0 | L3: 0 | M3: 0 | N3: =SUM(E3:M3) -> 4
C4: CAPRI | D4: MARINO | E4: 0 | F4: 0 | G4: 0 | H4: 0 | I4: 0 | J4: 1 | K4: 0 | L4: 0 | M4: 0 | N4: =SUM(E4:M4) -> 1
C5: CAPRI | D5: CAFE | E5: 0 | F5: 0 | G5: 2 | H5: 1 | I5: 0 | J5: 0 | K5: 0 | L5: 0 | M5: 0 | N5: =SUM(E5:M5) -> 3
C6: CAPRI | D6: REY | E6: 0 | F6: 0 | G6: 0 | H6: 0 | I6: 0 | J6: 0 | K6: 1 | L6: 0 | M6: 0 | N6: =SUM(E6:M6) -> 1
C7: CAPRI | D7: ROJO | E7: 0 | F7: 0 | G7: 3 | H7: 2 | I7: 1 | J7: 0 | K7: 0 | L7: 0 | M7: 0 | N7: =SUM(E7:M7) -> 6
C8: CAPRI | D8: NARANJA | E8: 0 | F8: 0 | G8: 0 | H8: 1 | I8: 0 | J8: 0 | K8: 0 | L8: 0 | M8: 0 | N8: =SUM(E8:M8) -> 1
C9: CAPRI | D9: BLANCO | E9: 0 | F9: 0 | G9: 2 | H9: 5 | I9: 1 | J9: 1 | K9: 0 | L9: 5 | M9: 0 | N9: =SUM(E9:M9) -> 14
C10: CAPRI | D10: KELLY | E10: 0 | F10: 0 | G10: 0 | H10: 1 | I10: 1 | J10: 0 | K10: 0 | L10: 0 | M10: 0 | N10: =SUM(E10:M10) -> 2
C11: CAPRI | D11: CIELO | E11: 0 | F11: 0 | G11: 2 | H11: 0 | I11: 0 | J11: 1 | K11: 0 | L11: 0 | M11: 0 | N11: =SUM(E11:M11) -> 3
C12: CAPRI | D12: UVA | E12: 0 | F12: 0 | G12: 0 | H12: 1 | I12: 0 | J12: 0 | K12: 0 | L12: 0 | M12: 0 | N12: =SUM(E12:M12) -> 1 | O12: =SUM(N2:N12) -> 55
A13: JANET | C13: CAPRI | D13: CAFE | E13: 3 | F13: 0 | G13: 0 | H13: 0 | I13: 0 | J13: 0 | K13: 0 | L13: 0 | M13: 0 | N13: =SUM(E13:M13) -> 3
A14: JANET | C14: CAPRI | D14: GRIS | E14: 3 | F14: 0 | G14: 0 | H14: 0 | I14: 0 | J14: 0 | K14: 0 | L14: 1 | M14: 0 | N14: =SUM(E14:M14) -> 4 | O14: =N13+N14 -> 7
E15: =SUM(E2:E14) -> 6 | F15: =SUM(F2:F14) -> 0 | G15: =SUM(G2:G14) -> 10 | H15: =SUM(H2:H14) -> 18 | I15: =SUM(I2:I14) -> 4 | J15: =SUM(J2:J14) -> 9 | K15: =SUM(K2:K14) -> 2 | L15: =SUM(L2:L14) -> 10 | ... O15: =SUM(O2:O14) -> 62

Sheet MAYON
A1: Proveedor | B1: Còdigo prov | C1: Carateristica | D1: Color | E1: 28 | F1: 30 | G1: 32 | H1: 34 | I1: 36 | J1: 38 | K1: 40 | L1: 42 | M1: 44 | N1: unidades tt
A2: D´Morem | B2: 490 | C2: MAYON | D2: NEGRO | E2: 0 | F2: 8 | G2: 1 | H2: 0 | I2: 0 | J2: 0 | K2: 0 | L2: 0 | M2: 0 | N2: =SUM(E2:M2) -> 9
A3: D´Morem | B3: 490 | C3: MAYON | D3: GRIS | E3: 0 | F3: 3 | G3: 0 | H3: 0 | I3: 1 | J3: 1 | K3: 0 | L3: 0 | M3: 0 | N3: =SUM(E3:M3) -> 5
A4: D´Morem | B4: 490 | C4: MAYON | D4: ROSA | E4: 0 | F4: 4 | G4: 2 | H4: 2 | I4: 4 | J4: 2 | K4: 0 | L4: 0 | M4: 0 | N4: =SUM(E4:M4) -> 14 | O4: =N2+N3+N4 -> 28
A5: ANNY ITALY | B5: 817 | C5: SUPER PONTY | D5: NEGRO | E5: 0 | F5: 0 | G5: 10 | H5: 10 | I5: 10 | J5: 11 | K5: 13 | L5: 11 | M5: 0 | N5: =SUM(E5:M5) -> 65
A6: ANNY ITALY | B6: 817 | D6: GRIS | E6: 0 | F6: 0 | G6: 3 | H6: 2 | I6: 3 | J6: 6 | K6: 5 | L6: 3 | M6: 0 | N6: =SUM(E6:M6) -> 22
A7: ANNY ITALY | B7: 817 | D7: CAMEL | E7: 0 | F7: 0 | G7: 2 | H7: 2 | I7: 2 | J7: 2 | K7: 2 | L7: 2 | M7: 0 | N7: =SUM(E7:M7) -> 12 | O7: =N5+N6+N7 -> 99
B8: 807 | C8: MAYON | D8: NEGRO | E8: 0 | F8: 4 | G8: 1 | H8: 4 | I8: 4 | J8: 4 | K8: 4 | L8: 0 | M8: 0 | N8: =SUM(E8:M8) -> 21
B9: 807 | D9: GRIS | E9: 0 | F9: 3 | G9: 2 | H9: 2 | I9: 3 | J9: 2 | K9: 3 | L9: 0 | M9: 0 | N9: =SUM(E9:M9) -> 15
B10: 807 | D10: CAMEL | E10: 0 | F10: 2 | G10: 2 | H10: 2 | I10: 2 | J10: 2 | K10: 2 | L10: 0 | M10: 0 | N10: =SUM(E10:M10) -> 12 | O10: =N8+N9+N10 -> 48
A11: S/MARCA | B11: S/MARCA | C11: MAYON | D11: NEGRO | E11: 0 | F11: 0 | G11: 1 | H11: 0 | I11: 0 | J11: 0 | K11: 0 | L11: 0 | M11: 0 | N11: =SUM(E11:M11) -> 1 | O11: =N11 -> 1
O12: =O4+O7+O10+O11 -> 176

Sheet Hoja6
A1: FECHA:_________ | C1: INVENTARIO DE__________________________ | I1: PROVEEDOR_______________________
E2: Gama | F2: Color | G2: 28 | H2: 30 | I2: 32 | J2: 34 | K2: 36 | L2: 38 | M2: 40 | N2: 42 | O2: 44 | P2: unidades tt
E3: Negro | F3: Negro
E4: Gris | F4: Gris medio
E5: Gris | F5: Oxford
E6: Azul | F6: Marino
E7: Azul | F7: Petroleo
E8: Verde | F8: Turquesa
E9: Azul | F9: Rey
E10: Azul | F10: Azul Cancun
E11: Azul | F11: Mezclilla
E12: Azul | F12: Cielo
E13: Verde | F13: Botella
E14: Verde | F14: Cemento oscuro
... E57: P. de Gallo | F57: Pata rosa

Sheet Hoja7
A1: FECHA:_________ | C1: INVENTARIO DE__________________________ | I1: PROVEEDOR_______________________
A2: Gama | B2: Color | C2: 28 | D2: 30 | E2: 32 | F2: 34 | G2: 36 | H2: 38 | I2: 40 | J2: 42 | K2: 44 | L2: unidades tt
A3: Negro | B3: Negro
A4: Gris | B4: Gris medio
A5: Gris | B5: Oxford
A6: Azul | B6: Marino
A7: Azul | B7: Petroleo
A8: Verde | B8: Turquesa
A9: Azul | B9: Rey
A10: Azul | B10: Azul Cancun
A11: Azul | B11: Mezclilla
A12: Azul | B12: Cielo
A13: Verde | B13: Botella
A14: Verde | B14: Cemento oscuro
... A57: P. de Gallo | B57: Pata rosa
